{
  "0x08F7506E0381f387e901c9D0552cf4052A0740a4": 0.000190443454441952,
  "0x5B18E05828DF1f733f9f7a47bFE2a7583a5Da5E8": 0.000380886908883904,
  "0x6ab791754298D6D6d7C182DC1572126B4eD24897": 0.002829295409293289,
  "0x69F329EE79C98A94765e4105aDFd5a87458d919C": 0.003530992145558521,
  "0xaE3a94c250Ae8236De0F9168dbe52dB8f4BA3bF1": 0.011204716730448087,
  "0x2d1FB7E65Af91D35105C43e5FB54F5bC82F0737C": 0.021887842349094324,
  "0x3b2534b8EA1f9a8BF9D9915B91bae673d161F2A5": 0.02666208362187328,
  "0xDAf709241d62F790EFa03a2140ebcf87258c544C": 0.02799718000354592,
  "0x11B1785D9Ac81480c03210e89F1508c8c115888E": 0.03617141683443678,
  "0xBbBa14a63a97d30D4b1e2Fd221eE97bB068fad40": 0.03806497742402782,
  "0xF9107317B0fF77eD5b7ADea15e50514A3564002B": 0.04189755997722944,
  "0x86dA2C31Fd1D5aF2018cb22adA80b2D57f04E65B": 0.0460951980803077,
  "0xC957FCD9bE2DcD01385FDCEB2b9f72F921A271EE": 0.051086723808224016,
  "0x4351377Eba46C6427Ca69b597d20Ba995865727a": 0.0570768140717005,
  "0x184cC5908E1a3D29B4D31df67d99622C4Baa7b71": 0.06592430122963938,
  "0xDA1480828D9EfEb694DA1809b1bB251CF5eB7441": 0.07222109087380799,
  "0x8A5B30A476c9B615d629676582012cdd0c4945a2": 0.07470839255330355,
  "0x0860420a401A038E3f13AA2487445D0Dcf6C75db": 0.07607309494112839,
  "0xc400EEAb2b0A75969c3A53D95E1A38d28eae9441": 0.09669856908083356,
  "0x882E11F884E9d221706DB9A36bA4856292b26d87": 0.10048071147221087,
  "0x37041eC29c9c687bc9cbf1eD5b324abCf6078fcd": 0.10352108211948255,
  "0xdD8B9fCb3a8c619f3Aa688443A095467967cB58D": 0.1515156513276716,
  "0x94E1218774dD0fBe40560846A00fF1372d4b1D3e": 0.15454730430443628,
  "0x5916F86556E56EDC2173A2b0e8093e32519Cb714": 0.159611068856078,
  "0x6A04941De896E4215Eeb8e6eb1b72AD2904D2402": 0.1717799959066407,
  "0x58f7995512aEf15938d50974461A485DA40EfD01": 0.1721782208737953,
  "0x9AB75CD6c08F963D3b77b2d24B74992B7B92B074": 0.18400710292315337,
  "0xc3c64037C8bA839d8743E04C404326E81F6d41d7": 0.1901955028192832,
  "0x9F7610115501abD147d1d82Ce92cea2A716690ED": 0.190195509163594,
  "0x562574AF66836b1d30e69815bDf0740A7BD7C437": 0.190443454441952,
  "0x94769Db0F7a1baeC132Fbb1D3494D04B5D1831af": 0.190443454441952,
  "0x82Ab72623B1E29942781DF85bD6a49326A977333": 0.19217076725986748,
  "0x09Fc1031D03A78eD4f60463FA9749870d33439BC": 0.2018467272071266,
  "0x5D9FbFCef7B3Ea6344dbB2F6bCE9aA3067aDfE75": 0.2170633473040576,
  "0x30702b968ABDeF89927bAF8133D3a87Bf757c5c7": 0.22096345113420532,
  "0x537bf75de19f3d229e3a9018EE1A23c0c9C7D39C": 0.23832607106304768,
  "0x3b2e08243AaC72B3C77DB6a6A43eBc2185DEB75f": 0.2530808905021679,
  "0xc1f3eBe56FE3a32ADAC585e7379882cf0e5a6D87": 0.25835099222439156,
  "0xAc1b80e06f970879BfB8f2b92B59442593f332b6": 0.27809971543632994,
  "0x1f3370c7891C2A976652dcb2f6e563098DFf87e1": 0.2894900929160123,
  "0xfbA2C2bBF977eDA19Ad819Bb46787F4C91d1fFaD": 0.29600456560868604,
  "0xe212c1330a24C4151cA142F8e0da778303ca2b2e": 0.2990773418457997,
  "0x304C52a1E001a85405d5ee39704094C38C61B2E0": 0.3140227590560122,
  "0x678F161b482e39b6C6FED07D32BC3Ee625954042": 0.3343307044787855,
  "0x8DE3C79eFB0A3Bae779E2cC5B6f5023913fca547": 0.362326902121737,
  "0xBDA9e26443497f20a07ec294eadDebE416649a97": 0.3806462008301998,
  "0xE3e202b2CAC2B3eC41219C69fE0D2352b19cef69": 0.3946116260241735,
  "0x9D2CaBfBaE45cadf22934933e8460425d9E15Ee5": 0.4180531228524449,
  "0xa6a9f9d6ceF04960837E73C5B43D792A2ebf3CdD": 0.42067604616754783,
  "0xBF1778025001FD5CCe0007117cEc2446a69dD1D7": 0.4681249197336042,
  "0xAA9e7a9Dcc1125f21d8919885F5bdFD398C9b2b9": 0.4756667208794828,
  "0x2A1049062c6Cfd69bd38fbaf3b0559DF1DBbc92c": 0.4968502054883613,
  "0xEA6c5310767c5f6239324a1Dcbc6F855919A0889": 0.5020436291699079,
  "0x49Fa0239311213e031E849818430565cA8d61e27": 0.5032473760703907,
  "0x0B610E85276de76802a721BB7ce1544E21C7a29F": 0.5050934321979497,
  "0x90eB355a85ea5324529224945bB55F1960dA1b47": 0.5319222811991061,
  "0x8AAc7249D573a12664A4d6667D8869756B9eE75e": 0.5486217242956343,
  "0xbEc9B6AC6C8A909d68691d359113376F7dd15eCf": 0.5706102820148378,
  "0x0aEd46911bbE66a40714b67c1D206a9e4f4b6FA3": 0.571330363325856,
  "0x6B2b9ed94F4f6f01c7F4c33D567C2f213c94209D": 0.5746135463219619,
  "0x365a0A0492c5589eC4F04A9323f483D0dE6e1Df7": 0.5751189255242056,
  "0x140297e2a62241359D740Ca84cE5e434419628F0": 0.5791550363628414,
  "0xA1B0DA129Cf5d9faFa3555A5E44492E390f36B36": 0.580038196213772,
  "0xb4551917f5c218A99611D690A65963B80a01290D": 0.5965029495566084,
  "0x7BFEe91193d9Df2Ac0bFe90191D40F23c773C060": 0.602130535462193,
  "0x35C2Ed6e957463b7dDF7977c12bC444A2C7110d5": 0.6219311891710827,
  "0xC9addb098446BBD7fc3D90b84591Da26f3dbc5eC": 0.6645440036512444,
  "0x6edd136e5E9CBCf8bA9ab00F8Be329Fdd7F0014c": 0.6704122044057057,
  "0x0e277a62b93758Eb5DBd70CC9588C10813AA3799": 0.6707972865634596,
  "0x85768f752CE0B5f0B27D30c220335bbEC9ba22a4": 0.6808836652443658,
  "0x958e3eF27c9E9f2b73ba066996B24d861f09fDCA": 0.7610650538137064,
  "0x034b0FCc2CDb8658b0400E14A723617FD2dfd1A9": 0.761773817767808,
  "0x646806ae4e798Bc4411a904f57595bc661d66092": 0.793524528534964,
  "0xBFD06C3482785230387481B0c7d53B7dd216a651": 0.8298839657594784,
  "0x937Ce112196A68f4178C90F1f1C4d4aCAA1e6b0f": 0.8558865774853129,
  "0x614cf86Bd16432a1710DE5385CD1d3901e03A06C": 0.9489165604111006,
  "0x1D5c41DDA161071f7C8a80141EEFDAE10ED82915": 0.9509706833655204,
  "0x543657598f7b237ab7289c2CED5D5418551cD057": 0.951450006164353,
  "0x1fD7DAe8CE6190509486e657629975e10eCFeF60": 0.95221727220976,
  "0x900fDDed067B7dB72769734747e0ACeF9b210c55": 0.952217275683042,
  "0x2eD65Eb5888Cd73d74b9C847Ffe4B801eE818720": 0.9589996024119285,
  "0x7EAB9a91165027582c2Da27392b797E2033fb290": 0.9593033235276959,
  "0xc79a1415847Ed193B64D400c94A220bFB33d0e73": 0.9593905149091113,
  "0x9b3f49A186670194f625199B822FCbDFD3Feacf7": 1.3766330094600923,
  "0x3Be7Fe9be7a924A51564715A1C00d141EEB045F1": 1.5215492979114182,
  "0xe4fb9ca52E39B83BE69E74E7Fac8f807A9c16eF9": 1.6166615258190022,
  "0x4Ef8E913e1A182984256EAbB5DebCf09D2AaddaC": 1.901874270162323,
  "0x8C5fE5E94c146E30c06A5a913CB5DD40Feb14354": 1.9019053595554691,
  "0x2B19fDE5d7377b48BE50a5D0A78398a496e8B15C": 1.9019730448595642,
  "0x6ee820186Ae40FCD3D0532Eb1EAe6D096E882B04": 1.902949198405017,
  "0x35F8D97034cB67Fa7CB4b70Fd451D3CE1B0748f4": 1.90443454441952,
  "0x8d1aDB21B97BA4BB5575130b04CbDE374069D691": 1.9046285447082194,
  "0x5B913FDff95e00Da50a65740576a3C189812A16F": 1.9208768284796696,
  "0xfD588319d55586CCD24551329B4A4d1E2Ef1cf87": 1.953157456414751,
  "0xbD6F5BdC401AB1Ca811e40755f4A2ddAd75cE2cc": 2.034025709369437,
  "0x68A7Ac13477AAD590982293FEEeb786A00276cF2": 2.285663639649231,
  "0xF6aaadA76eA7f044ffA028565b028740Dce5389F": 2.635726563157498,
  "0x27D23DDE3573D27f80B8bf7311f8403246FA48Be": 2.852892315075535,
  "0xd35Dc42C3812acE3d313f8303114B731D428a0fa": 2.85665181662928,
  "0xeD2C2CdEc695be3A4Dc421c1A8a6756dc5A927b6": 3.0461375424276365,
  "0x7822159ee394D14745Cde63a706F965fB73c7Ac8": 3.047425296819153,
  "0x285E4f019a531e20f673B634D31922d408970798": 3.3097064796524522,
  "0x478C1a5c1a1ee1be30e6a7099EF145A759722DC8": 3.5025324781305924,
  "0x15BDd87fE60E212C150d18D205766bDA86350152": 3.5026085766633486,
  "0xcf8CfB24d925CbF302DeAA271e3F8735D58C597f": 3.8038053630638933,
  "0x3923014F9e46a4ec5CdF6Ff48C61Feb49c5F507C": 3.8047543999665834,
  "0x10c195F57Da35F2BA763e72103Cb668CDca17F50": 4.134326627040251,
  "0x3657C5f86847D4A5219E089206c913E4CB00B618": 4.169288580408663,
  "0x64dF7AF696e0977771a0E1e1B1a8dD22DED3Cf4b": 4.395626833754574,
  "0x1AAeeE17AAE462c3eB52DA56A441f07DeB4ea3C4": 5.043753046779495,
  "0xA55EdeE4c007c31112674350800D95614Ee69814": 5.164175862901096,
  "0xfd8a63085804DCB95417fe33f9E49253522c68DD": 5.695181078823823,
  "0x37Bf78fA8853CEE7df39280e70e38f3e163E44c4": 5.703604500091731,
  "0x3bbEc29ab82DB1F0bE3F67261CC902C4e35ab70D": 5.707413497128133,
  "0x30887fc55CbFAd3487Cb55bfE1779f6d2ba1c118": 6.698840346909691,
  "0x0a84FDBb02050267A08e2Db623641DAa5962A668": 7.840032933043619,
  "0x8Dd4FC6EC4E375894DE3DeA5696c7fCFe39E3b9E": 7.899949829411742,