{
  "0x08F7506E0381f387e901c9D0552cf4052A0740a4": 0.000439997673684576,
  "0x4C09D894399E3F8d6276C63FCcf4d8E7E9A86268": 0.000439997673684576,
  "0x5B18E05828DF1f733f9f7a47bFE2a7583a5Da5E8": 0.000879995347369152,
  "0xb9DdAB19f88C9Fb48181Df2320872C60f203ef8b": 0.003536578083898069,
  "0x6ab791754298D6D6d7C182DC1572126B4eD24897": 0.004064242530764509,
  "0xD2050719eA37325BdB6c18a85F6c442221811FAC": 0.006740764360847704,
  "0x69F329EE79C98A94765e4105aDFd5a87458d919C": 0.008157950791203548,
  "0x35fB65DA87Fe70Cc735B0F7E837C16419D1aE16E": 0.008648214200750163,
  "0x202503E8Dd0C2f545c52cCC7A97FDB7ab2ee206d": 0.01281094550026143,
  "0x5D9FbFCef7B3Ea6344dbB2F6bCE9aA3067aDfE75": 0.013686239104377163,
  "0xC984946Ea53D6D840b3696deB499F139b64aa9a2": 0.013887515534628076,
  "0x94E1218774dD0fBe40560846A00fF1372d4b1D3e": 0.017877489354042153,
  "0xDAf709241d62F790EFa03a2140ebcf87258c544C": 0.022854431897427103,
  "0xaE3a94c250Ae8236De0F9168dbe52dB8f4BA3bF1": 0.025887207886131407,
  "0x65200a8dABf72e5838Ca102615A52dE9A0253aa6": 0.0497394837022287,
  "0xC957FCD9bE2DcD01385FDCEB2b9f72F921A271EE": 0.07490326892616136,
  "0x11B1785D9Ac81480c03210e89F1508c8c115888E": 0.08356989379164176,
  "0x0957e08CDbBc0e99Ad1B2874A88Af2133b5a4d42": 0.08495829413004355,
  "0xBbBa14a63a97d30D4b1e2Fd221eE97bB068fad40": 0.0879447475078917,
  "0x55F6986569C9BaE8263D98a33770fC196e72952d": 0.09245855074557797,
  "0x78f32a27559170f9a005b319Ed53441b9e852158": 0.10401672949771573,
  "0x86dA2C31Fd1D5aF2018cb22adA80b2D57f04E65B": 0.10649764772853929,
  "0x6A68B9CF65d64D060854f2cbB6825B6026BDe920": 0.11704378117683406,
  "0xF9Ca61b2C3938D3C5Ec8Fa669622240A7a0cb316": 0.12102494664477063,
  "0x7dd508a1e4Da1243789B799a480f8B45e58b1B5b": 0.13008474838135242,
  "0xDA1480828D9EfEb694DA1809b1bB251CF5eB7441": 0.13150501996844774,
  "0x2F9035F14D9134bEd45e2642Ae148f673f5eCB7e": 0.16374979473737306,
  "0x0860420a401A038E3f13AA2487445D0Dcf6C75db": 0.17575812674772073,
  "0xB8B7FbD673700f46215d2Bf60BAf20621B4412f4": 0.1957736370348644,
  "0x958e3eF27c9E9f2b73ba066996B24d861f09fDCA": 0.23483967195003227,
  "0x37041eC29c9c687bc9cbf1eD5b324abCf6078fcd": 0.23917354074127983,
  "0xE3e202b2CAC2B3eC41219C69fE0D2352b19cef69": 0.2415502935531704,
  "0x253e951Afe5B8839942049e81f2758Fd3257936F": 0.24724519223655533,
  "0x7C3147F770d55C51b171d7cEC0b4FB3F8291D330": 0.25309644993009867,
  "0x1712c04aF5d77E5160C9C1021bB3f49717Ef4ECd": 0.2680239186740267,
  "0xdc4b8B3bbf30260dc1605772B62c21c3BEd0FA40": 0.27718051389554893,
  "0x0d4DDeA3849C54E16C85cB4354943dC876e05552": 0.28135797727708123,
  "0x562574AF66836b1d30e69815bDf0740A7BD7C437": 0.28993448268494304,
  "0x333b1cB2936D4c460a497805fEc223C53c071938": 0.3008451511465795,
  "0xC9B4DaDA93FEDe9CD1d8cf7c28AfBF18Ea9C5429": 0.34926528416382335,
  "0xe212c1330a24C4151cA142F8e0da778303ca2b2e": 0.36914871911166414,
  "0x882E11F884E9d221706DB9A36bA4856292b26d87": 0.38260245172251034,
  "0xEDd7de079fE5A275762B0465A12192c7433e9808": 0.41395847509218797,
  "0x8435708C73ae996804871355472733ECF685E826": 0.4171182058942735,
  "0xd8f343e184f0DBE0314b0eE45aA9fC113acA57f9": 0.42458606595038084,
  "0x9AB75CD6c08F963D3b77b2d24B74992B7B92B074": 0.42512722458677943,
  "0xdD8B9fCb3a8c619f3Aa688443A095467967cB58D": 0.44408504342740585,
  "0x9bFd373F1E624d61bFFE54348375eF48f185967A": 0.4499358176190113,
  "0x30702b968ABDeF89927bAF8133D3a87Bf757c5c7": 0.5105106119464975,
  "0xC9addb098446BBD7fc3D90b84591Da26f3dbc5eC": 0.5294174381692137,
  "0x9D2CaBfBaE45cadf22934933e8460425d9E15Ee5": 0.5305364767561238,
  "0xAA9e7a9Dcc1125f21d8919885F5bdFD398C9b2b9": 0.5338945391992851,
  "0x9C522E518BeD1A71B5D465614Bc64Dd512d8F2Fc": 0.5430177834232066,
  "0x537bf75de19f3d229e3a9018EE1A23c0c9C7D39C": 0.5506249461468816,
  "0x7Fc7D5E32817c0Dc6e49Bfd56e5dfae7EC5fd894": 0.5575836378950604,
  "0xC28f85D6A2CD2252DAC06F3db42A17033C4e7791": 0.5611123243115274,
  "0x0aEd46911bbE66a40714b67c1D206a9e4f4b6FA3": 0.5833322057234855,
  "0x5333c1d733794e02f34d5f0d88c65d03FD2E4Db1": 0.5840551116723575,
  "0xEA6c5310767c5f6239324a1Dcbc6F855919A0889": 0.6113815684810365,
  "0x1a8eAC795c480c750696e6d109B25a766dc1043D": 0.6489676213290922,
  "0x1fD7DAe8CE6190509486e657629975e10eCFeF60": 0.6652023558864657,
  "0x3bee5d4dFBC0B352696E7507E8d08E35E3b32f52": 0.6699423974212986,
  "0x8f3EF79e60276a2Bc83d86c753d0261C9690a202": 0.7958037865529723,
  "0x2A1049062c6Cfd69bd38fbaf3b0559DF1DBbc92c": 0.7966930103925669,
  "0xa586Cbf75fB4b8987bAb7d24BE4545fcaa0e757C": 0.8429865697382425,
  "0x6edd136e5E9CBCf8bA9ab00F8Be329Fdd7F0014c": 0.8498768229940565,
  "0x365a0A0492c5589eC4F04A9323f483D0dE6e1Df7": 0.9651803813689339,
  "0x614cf86Bd16432a1710DE5385CD1d3901e03A06C": 1.1555892389090472,
  "0x82FC6a686C5dB9b41F58fea5A8cE4C1F6062E5A5": 1.1615157149435595,
  "0xcc0C1A655C87752Ab57859c3A161770fC99cE4C3": 1.1697820595854425,
  "0xAB55c738eeCF28BCc8850957e243fF87cf67D4c7": 1.1943516359648623,
  "0x37Bf78fA8853CEE7df39280e70e38f3e163E44c4": 1.3199930399656878,
  "0x90eB355a85ea5324529224945bB55F1960dA1b47": 1.3439074051408313,
  "0xb4551917f5c218A99611D690A65963B80a01290D": 1.3781513831492416,
  "0xfA85b884942783f45633cc4B3D910d671f3FDCf1": 1.3970657094042571,
  "0xAADd502f2E887d22133863E7144c007F656a6CD0": 1.5469922208843376,
  "0x85768f752CE0B5f0B27D30c220335bbEC9ba22a4": 1.573103311086305,
  "0x8B9eD24Dc3a7985E156582202D62E4De676fB0a9": 2.492037259222245,
  "0x3e49C84075435B2Ad1fE3B25F2c02c61B14b2753": 2.623665552193881,
  "0x1B72Bac3772050FDCaF468CcE7e20deb3cB02d89": 2.7269957695504434,
  "0xDA07Dc4ff3fE332Fd16CA49Ef160A74a3d427482": 2.7354434121640674,
  "0x67958494E70C77a537101AD0B35B44AD3b072dC5": 2.865204521589961,
  "0x6ee820186Ae40FCD3D0532Eb1EAe6D096E882B04": 2.8718705551777366,
  "0x3bbEc29ab82DB1F0bE3F67261CC902C4e35ab70D": 3.3058658444727187,
  "0x3657C5f86847D4A5219E089206c913E4CB00B618": 3.4537898765777184,
  "0xbd7Ea7c975Cc23049ac31968c764af012CE45f58": 4.069280763691606,
  "0x6A04941De896E4215Eeb8e6eb1b72AD2904D2402": 4.5989833483239915,
  "0x635B230C3fdf6A466bb6dc3b9B51a8cEB0659b67": 5.118720492783843,
  "0x5fC79E21CEca2Aa0F7a0aAC71EF3dddE8f004E9e": 6.0319336697497326,
  "0xAEB33EdCF5452c258d6a158eB1ac692B6956F7A7": 6.076836810382804,
  "0x6455C07be90F40d51B041E128B2C4b00c56DE508": 6.309220172672998,
  "0xA21392dD4b12CB543Fb6d1e4e8759B3AC6e55169": 6.672378514591361,
  "0x4BB0Cc5dFF52f56DBec078d6E7aF7Ff2991c45F8": 7.635181032159404,
  "0xcf8CfB24d925CbF302DeAA271e3F8735D58C597f": 8.788254318329264,
  "0xa1F956C6F5AAE538CD8b330f1C4E8Da0Bb60C3D0": 10.048613069876424,
  "0x8Dd4FC6EC4E375894DE3DeA5696c7fCFe39E3b9E": 10.712691198442318,
  "0x11df180D9bDbE90FA51898b3D59959549d589426": 17.65187876793869,
  "0x38c5C801299D6e96552e72C25f9C8eDE0A0db5c0": 23.04175979281312,
  "0x28d804Bf2212E220BC2B7B6252993Db8286dF07f": 24.275466565072268,
  "0xA583F99495077952103235Ad50606246d69e829f": 26.63317979041619,
  "0x310D5C8EE1512D5092ee4377061aE82E48973689": 38.699935294363215,
  "0x28a55C4b4f9615FDE3CDAdDf6cc01FcF2E38A6b0": 131.5486696528376,
  "0xF96dA4775776ea43c42795b116C7a6eCcd6e71b5": 133.6492834717469,
  "0x6595732468A241312bc307F327bA0D64F02b3c20": 138.92427445402035
}