{
  "0x08F7506E0381f387e901c9D0552cf4052A0740a4": 0.000297385370012756,
  "0x4C09D894399E3F8d6276C63FCcf4d8E7E9A86268": 0.000297385370012756,
  "0x5B18E05828DF1f733f9f7a47bFE2a7583a5Da5E8": 0.000594770740025512,
  "0xb9DdAB19f88C9Fb48181Df2320872C60f203ef8b": 0.002390300324208052,
  "0x6ab791754298D6D6d7C182DC1572126B4eD24897": 0.004418062383049958,
  "0xD2050719eA37325BdB6c18a85F6c442221811FAC": 0.004555943868595421,
  "0x69F329EE79C98A94765e4105aDFd5a87458d919C": 0.005513791003193132,
  "0x35fB65DA87Fe70Cc735B0F7E837C16419D1aE16E": 0.005845149949323047,
  "0xBDA9e26443497f20a07ec294eadDebE416649a97": 0.005916864516080998,
  "0xC984946Ea53D6D840b3696deB499F139b64aa9a2": 0.009386285866556482,
  "0x94E1218774dD0fBe40560846A00fF1372d4b1D3e": 0.012083027034961573,
  "0xDAf709241d62F790EFa03a2140ebcf87258c544C": 0.015446840046522602,
  "0xaE3a94c250Ae8236De0F9168dbe52dB8f4BA3bF1": 0.017496630905674243,
  "0x5132cD1bfE0240Bb05d09aA9b4aaA1A65AD3d7a1": 0.024489450035824648,
  "0x4351377Eba46C6427Ca69b597d20Ba995865727a": 0.024499877261187446,
  "0x62A3474e89570077C6A41F31cef32C58e27a28d1": 0.026695968687318015,
  "0x65200a8dABf72e5838Ca102615A52dE9A0253aa6": 0.03361789311557729,
  "0xaed3D37B761bF61767208Da1dbB3A971B9f13fb5": 0.03846833220556868,
  "0x42EdC9E6a511bCC25503E1eFF7cA77b635fB39Ba": 0.046938058276049396,
  "0xC957FCD9bE2DcD01385FDCEB2b9f72F921A271EE": 0.05062557753598486,
  "0x8A5B30A476c9B615d629676582012cdd0c4945a2": 0.056300830053945004,
  "0x11B1785D9Ac81480c03210e89F1508c8c115888E": 0.05648317087460388,
  "0x0957e08CDbBc0e99Ad1B2874A88Af2133b5a4d42": 0.05742156208222977,
  "0xBbBa14a63a97d30D4b1e2Fd221eE97bB068fad40": 0.059440044442284005,
  "0x060c5656a5cc445369C20042e57716E08789652A": 0.06951976997246452,
  "0x78f32a27559170f9a005b319Ed53441b9e852158": 0.07030276621728261,
  "0x86dA2C31Fd1D5aF2018cb22adA80b2D57f04E65B": 0.07197956777822394,
  "0x6A68B9CF65d64D060854f2cbB6825B6026BDe920": 0.07910748227709322,
  "0xDA1480828D9EfEb694DA1809b1bB251CF5eB7441": 0.08888153588258985,
  "0x2F9035F14D9134bEd45e2642Ae148f673f5eCB7e": 0.09062812453354753,
  "0x2eD65Eb5888Cd73d74b9C847Ffe4B801eE818720": 0.11251264143286427,
  "0x82FC6a686C5dB9b41F58fea5A8cE4C1F6062E5A5": 0.11594426182178619,
  "0x0860420a401A038E3f13AA2487445D0Dcf6C75db": 0.11879129977648341,
  "0x7dd508a1e4Da1243789B799a480f8B45e58b1B5b": 0.12085806573420903,
  "0xB8B7FbD673700f46215d2Bf60BAf20621B4412f4": 0.13012720122536503,
  "0xF9Ca61b2C3938D3C5Ec8Fa669622240A7a0cb316": 0.13990857873187493,
  "0xfA85b884942783f45633cc4B3D910d671f3FDCf1": 0.14463315466369228,
  "0xA0B9B8e48aC8617B9377D2838b912E551e105349": 0.15460440562896055,
  "0x958e3eF27c9E9f2b73ba066996B24d861f09fDCA": 0.1587232999477168,
  "0x37041eC29c9c687bc9cbf1eD5b324abCf6078fcd": 0.16165247264828847,
  "0x5D9FbFCef7B3Ea6344dbB2F6bCE9aA3067aDfE75": 0.16268305886539292,
  "0x253e951Afe5B8839942049e81f2758Fd3257936F": 0.16710793573388946,
  "0x1712c04aF5d77E5160C9C1021bB3f49717Ef4ECd": 0.18115184918973887,
  "0xdc4b8B3bbf30260dc1605772B62c21c3BEd0FA40": 0.1873406034056566,
  "0x562574AF66836b1d30e69815bDf0740A7BD7C437": 0.19596074836188682,
  "0x333b1cB2936D4c460a497805fEc223C53c071938": 0.20333504457208973,
  "0x21bcA401c280c8492a1Ca15D554382EeCB92F2f3": 0.21657491014168712,
  "0x882E11F884E9d221706DB9A36bA4856292b26d87": 0.24164815599905834,
  "0xd1bF2FAaC1B3B067A8985b73D217ad42ED6E6BaF": 0.24608577855318328,
  "0xd35Dc42C3812acE3d313f8303114B731D428a0fa": 0.24898132463751113,
  "0xe212c1330a24C4151cA142F8e0da778303ca2b2e": 0.249500020087505,
  "0x19EB49678D1FA850761F620A7213f0d5dAF330Cc": 0.26309423836209744,
  "0xEDd7de079fE5A275762B0465A12192c7433e9808": 0.27370490432437167,
  "0x060574fcfe9A4faF9292f0980501988026C26EAb": 0.27825746971232207,
  "0x8435708C73ae996804871355472733ECF685E826": 0.28192160872161864,
  "0xd8f343e184f0DBE0314b0eE45aA9fC113acA57f9": 0.28696898160291484,
  "0x9AB75CD6c08F963D3b77b2d24B74992B7B92B074": 0.2873347395851636,
  "0x9bFd373F1E624d61bFFE54348375eF48f185967A": 0.30410235691505666,
  "0xC9addb098446BBD7fc3D90b84591Da26f3dbc5eC": 0.3372322518582726,
  "0x30702b968ABDeF89927bAF8133D3a87Bf757c5c7": 0.3450436134305171,
  "0x9D2CaBfBaE45cadf22934933e8460425d9E15Ee5": 0.3585786832102392,
  "0xAA9e7a9Dcc1125f21d8919885F5bdFD398C9b2b9": 0.36084832848773074,
  "0x1fD7DAe8CE6190509486e657629975e10eCFeF60": 0.3692464582778882,
  "0x537bf75de19f3d229e3a9018EE1A23c0c9C7D39C": 0.3721560661375932,
  "0xC28f85D6A2CD2252DAC06F3db42A17033C4e7791": 0.3792442691497589,
  "0xC9B4DaDA93FEDe9CD1d8cf7c28AfBF18Ea9C5429": 0.39285805885612457,
  "0x5333c1d733794e02f34d5f0d88c65d03FD2E4Db1": 0.3947508268351424,
  "0xdD8B9fCb3a8c619f3Aa688443A095467967cB58D": 0.4003857860578764,
  "0x3bee5d4dFBC0B352696E7507E8d08E35E3b32f52": 0.4528002752287045,
  "0x5929d1a3f4A11D6F261D62CA6ed72CB3ae46292e": 0.4869822588990324,
  "0x2A1049062c6Cfd69bd38fbaf3b0559DF1DBbc92c": 0.5384684052943784,
  "0x034b0FCc2CDb8658b0400E14A723617FD2dfd1A9": 0.561422705427328,
  "0xa586Cbf75fB4b8987bAb7d24BE4545fcaa0e757C": 0.5697572690738958,
  "0x6edd136e5E9CBCf8bA9ab00F8Be329Fdd7F0014c": 0.5744142494092754,
  "0xE3e202b2CAC2B3eC41219C69fE0D2352b19cef69": 0.6162024563165202,
  "0x365a0A0492c5589eC4F04A9323f483D0dE6e1Df7": 0.6523455509181142,
  "0xEA6c5310767c5f6239324a1Dcbc6F855919A0889": 0.7839619947071866,
  "0x7Fc7D5E32817c0Dc6e49Bfd56e5dfae7EC5fd894": 0.8016474699105427,
  "0xAB55c738eeCF28BCc8850957e243fF87cf67D4c7": 0.8072376842641517,
  "0x8B9eD24Dc3a7985E156582202D62E4De676fB0a9": 0.8408204602938085,
  "0x37Bf78fA8853CEE7df39280e70e38f3e163E44c4": 0.8921561228204724,
  "0x90eB355a85ea5324529224945bB55F1960dA1b47": 0.908319349950006,
  "0xb4551917f5c218A99611D690A65963B80a01290D": 0.9314641497519253,
  "0xc1919Db0c4D778693188c986462d351B2693Aa9a": 0.9538862869486139,
  "0x9C522E518BeD1A71B5D465614Bc64Dd512d8F2Fc": 0.9670491018993908,
  "0x55F6986569C9BaE8263D98a33770fC196e72952d": 1.0250305698282975,
  "0xAADd502f2E887d22133863E7144c007F656a6CD0": 1.045580196281549,
  "0x85768f752CE0B5f0B27D30c220335bbEC9ba22a4": 1.0632281446357377,
  "0x7BFEe91193d9Df2Ac0bFe90191D40F23c773C060": 1.1270643772815365,
  "0x8f3EF79e60276a2Bc83d86c753d0261C9690a202": 1.4109694963926873,
  "0x614cf86Bd16432a1710DE5385CD1d3901e03A06C": 1.481772651394017,
  "0x6ee820186Ae40FCD3D0532Eb1EAe6D096E882B04": 1.941038188971245,
  "0x3bbEc29ab82DB1F0bE3F67261CC902C4e35ab70D": 2.234366670937957,
  "0x3657C5f86847D4A5219E089206c913E4CB00B618": 2.3343454791278835,
  "0xbd7Ea7c975Cc23049ac31968c764af012CE45f58": 2.7503430994586187,
  "0x0a84FDBb02050267A08e2Db623641DAa5962A668": 2.854295453345736,
  "0x6A04941De896E4215Eeb8e6eb1b72AD2904D2402": 3.10835817214862,
  "0x635B230C3fdf6A466bb6dc3b9B51a8cEB0659b67": 3.4596378089709003,
  "0x5fC79E21CEca2Aa0F7a0aAC71EF3dddE8f004E9e": 4.0768597962107975,
  "0x6455C07be90F40d51B041E128B2C4b00c56DE508": 4.264272035418436,
  "0xA21392dD4b12CB543Fb6d1e4e8759B3AC6e55169": 4.5097232828766955,
  "0x4BB0Cc5dFF52f56DBec078d6E7aF7Ff2991c45F8": 5.114386115327296,
  "0xcf8CfB24d925CbF302DeAA271e3F8735D58C597f": 5.93980018198029,
  "0x1B72Bac3772050FDCaF468CcE7e20deb3cB02d89": 6.024649253290196,
  "0x8Dd4FC6EC4E375894DE3DeA5696c7fCFe39E3b9E": 7.240487453497281,
  "0xA583F99495077952103235Ad50606246d69e829f": 7.942958487064567,
  "0x11df180D9bDbE90FA51898b3D59959549d589426": 10.199757688038744,
  "0x28d804Bf2212E220BC2B7B6252993Db8286dF07f": 10.301372692839319,
  "0x38c5C801299D6e96552e72C25f9C8eDE0A0db5c0": 15.573451114750698,
  "0x310D5C8EE1512D5092ee4377061aE82E48973689": 26.156489602793453,
  "0x053Ab16A247321e312F3A8A2a0a8aBDA48707241": 27.605216530307885,
  "0xF96dA4775776ea43c42795b116C7a6eCcd6e71b5": 60.90806295909619,
  "0x6595732468A241312bc307F327bA0D64F02b3c20": 93.14072965903945,
  "0x28a55C4b4f9615FDE3CDAdDf6cc01FcF2E38A6b0": 120.45332114620584
}