{
  "0x65200a8dABf72e5838Ca102615A52dE9A0253aa6": 0.10312856052533513,
  "0x333b1cB2936D4c460a497805fEc223C53c071938": 0.10901041706209134,
  "0x958e3eF27c9E9f2b73ba066996B24d861f09fDCA": 0.11304217010018226,
  "0x6A68B9CF65d64D060854f2cbB6825B6026BDe920": 0.12226034033114783,
  "0x11B1785D9Ac81480c03210e89F1508c8c115888E": 0.12915890520967976,
  "0x365a0A0492c5589eC4F04A9323f483D0dE6e1Df7": 0.1353513094658142,
  "0xC957FCD9bE2DcD01385FDCEB2b9f72F921A271EE": 0.1553025027208106,
  "0xBbBa14a63a97d30D4b1e2Fd221eE97bB068fad40": 0.1657562729623292,
  "0x45aC84425daB65f51F25075804969A3CDF2bF8Ca": 0.21406398813018065,
  "0x78f32a27559170f9a005b319Ed53441b9e852158": 0.21566559974509616,
  "0xd8f343e184f0DBE0314b0eE45aA9fC113acA57f9": 0.21899919023271236,
  "0x86dA2C31Fd1D5aF2018cb22adA80b2D57f04E65B": 0.22080947151219352,
  "0xDA1480828D9EfEb694DA1809b1bB251CF5eB7441": 0.26082176233307147,
  "0x82FC6a686C5dB9b41F58fea5A8cE4C1F6062E5A5": 0.27323286818502157,
  "0x1712c04aF5d77E5160C9C1021bB3f49717Ef4ECd": 0.31348941460409235,
  "0xb4551917f5c218A99611D690A65963B80a01290D": 0.32146308886098796,
  "0x2F9035F14D9134bEd45e2642Ae148f673f5eCB7e": 0.3395145940533296,
  "0x0860420a401A038E3f13AA2487445D0Dcf6C75db": 0.3644123594171862,
  "0xB8B7FbD673700f46215d2Bf60BAf20621B4412f4": 0.4059120013606081,
  "0x253e951Afe5B8839942049e81f2758Fd3257936F": 0.5126317941861389,
  "0x562574AF66836b1d30e69815bDf0740A7BD7C437": 0.5290345825597041,
  "0x0957e08CDbBc0e99Ad1B2874A88Af2133b5a4d42": 0.5940446661672797,
  "0xe212c1330a24C4151cA142F8e0da778303ca2b2e": 0.6827927199570138,
  "0x37041eC29c9c687bc9cbf1eD5b324abCf6078fcd": 0.7832213199828529,
  "0xF09e2fa081ADdF37B1547ec97C0adDf4De4EeC1C": 0.7901991103718325,
  "0x882E11F884E9d221706DB9A36bA4856292b26d87": 0.7988285925117582,
  "0xEDd7de079fE5A275762B0465A12192c7433e9808": 0.8308914218868951,
  "0x9bFd373F1E624d61bFFE54348375eF48f185967A": 0.8349388407416937,
  "0xdc4b8B3bbf30260dc1605772B62c21c3BEd0FA40": 0.8532182265784767,
  "0x9AB75CD6c08F963D3b77b2d24B74992B7B92B074": 0.8814478046100214,
  "0x0843a5003f976949F08b6aD2F3Ad1aF251C9755A": 0.9459324370289032,
  "0xB6B8Cc588E76a53CFf61eeCa20a5E6A8C2fFAD0E": 0.9638612016469973,
  "0x30702b968ABDeF89927bAF8133D3a87Bf757c5c7": 1.0584795141448402,
  "0xC28f85D6A2CD2252DAC06F3db42A17033C4e7791": 1.059358555811969,
  "0x9D2CaBfBaE45cadf22934933e8460425d9E15Ee5": 1.1000006248876764,
  "0xAA9e7a9Dcc1125f21d8919885F5bdFD398C9b2b9": 1.1069631448042612,
  "0x67958494E70C77a537101AD0B35B44AD3b072dC5": 1.112931829839112,
  "0x3bbEc29ab82DB1F0bE3F67261CC902C4e35ab70D": 1.1370830266268446,
  "0x537bf75de19f3d229e3a9018EE1A23c0c9C7D39C": 1.1416515383516872,
  "0xAADd502f2E887d22133863E7144c007F656a6CD0": 1.1526108592410522,
  "0x5333c1d733794e02f34d5f0d88c65d03FD2E4Db1": 1.210964779908546,
  "0xa586Cbf75fB4b8987bAb7d24BE4545fcaa0e757C": 1.5345468477989792,
  "0x2A1049062c6Cfd69bd38fbaf3b0559DF1DBbc92c": 1.6518427057717893,
  "0x3bee5d4dFBC0B352696E7507E8d08E35E3b32f52": 1.678000432397815,
  "0x6edd136e5E9CBCf8bA9ab00F8Be329Fdd7F0014c": 1.7621126488551562,
  "0xcf8CfB24d925CbF302DeAA271e3F8735D58C597f": 2.071320963282467,
  "0xAB55c738eeCF28BCc8850957e243fF87cf67D4c7": 2.2718290885577583,
  "0x1fD7DAe8CE6190509486e657629975e10eCFeF60": 2.2766138834618554,
  "0x7C3147F770d55C51b171d7cEC0b4FB3F8291D330": 2.447185927842652,
  "0x202503E8Dd0C2f545c52cCC7A97FDB7ab2ee206d": 2.4656012492177872,
  "0x37Bf78fA8853CEE7df39280e70e38f3e163E44c4": 2.736839468018502,
  "0x90eB355a85ea5324529224945bB55F1960dA1b47": 2.786422894962663,
  "0xfA85b884942783f45633cc4B3D910d671f3FDCf1": 3.0216063959823556,
  "0x1a8eAC795c480c750696e6d109B25a766dc1043D": 3.1710320453811125,
  "0x85768f752CE0B5f0B27D30c220335bbEC9ba22a4": 3.261631765242869,
  "0x3e49C84075435B2Ad1fE3B25F2c02c61B14b2753": 3.695619732371341,
  "0xb565EA05ABA01ea9015fF65432FDC775cD2FeF0f": 3.7003065898321887,
  "0x0d4DDeA3849C54E16C85cB4354943dC876e05552": 3.838111633750661,
  "0x635B230C3fdf6A466bb6dc3b9B51a8cEB0659b67": 4.131663868385979,
  "0xcc0C1A655C87752Ab57859c3A161770fC99cE4C3": 4.187474608224896,
  "0x3657C5f86847D4A5219E089206c913E4CB00B618": 4.805223482145669,
  "0xC9addb098446BBD7fc3D90b84591Da26f3dbc5eC": 4.821123043590547,
  "0xA21392dD4b12CB543Fb6d1e4e8759B3AC6e55169": 5.275454093644565,
  "0x0aEd46911bbE66a40714b67c1D206a9e4f4b6FA3": 6.531942036335878,
  "0xAEB33EdCF5452c258d6a158eB1ac692B6956F7A7": 8.050555076722379,
  "0xbd7Ea7c975Cc23049ac31968c764af012CE45f58": 8.43714160857178,
  "0x71c68eB4E927a913fA5bef03455d024fbfCC9a48": 9.916462049781938,
  "0x5fC79E21CEca2Aa0F7a0aAC71EF3dddE8f004E9e": 10.822663804777758,
  "0x768F2A7CcdFDe9eBDFd5Cea8B635dd590Cb3A3F1": 11.517215913147583,
  "0x8B9eD24Dc3a7985E156582202D62E4De676fB0a9": 11.847833477727761,
  "0x6455C07be90F40d51B041E128B2C4b00c56DE508": 12.98732436126011,
  "0x4BB0Cc5dFF52f56DBec078d6E7aF7Ff2991c45F8": 13.712712448322412,
  "0x6ee820186Ae40FCD3D0532Eb1EAe6D096E882B04": 15.6812853966304,
  "0x6A04941De896E4215Eeb8e6eb1b72AD2904D2402": 16.780936611268814,
  "0xF96dA4775776ea43c42795b116C7a6eCcd6e71b5": 20.17334421750177,
  "0x8Dd4FC6EC4E375894DE3DeA5696c7fCFe39E3b9E": 26.19205610949134,
  "0x30040b54554928929E94eD3f0b9282f666e950eD": 26.22861577055946,
  "0xDA07Dc4ff3fE332Fd16CA49Ef160A74a3d427482": 26.73455732511654,
  "0x28d804Bf2212E220BC2B7B6252993Db8286dF07f": 26.799414156714402,
  "0x1B72Bac3772050FDCaF468CcE7e20deb3cB02d89": 52.93401986855496,
  "0xA583F99495077952103235Ad50606246d69e829f": 55.220546928897825,
  "0x38c5C801299D6e96552e72C25f9C8eDE0A0db5c0": 68.43155186774425,
  "0x310D5C8EE1512D5092ee4377061aE82E48973689": 80.23944605505545,
  "0xf704d32bA4851907540aD060FFACAB3BA6cb2793": 82.70273216425737,
  "0xa1F956C6F5AAE538CD8b330f1C4E8Da0Bb60C3D0": 99.66516733802379,
  "0x11df180D9bDbE90FA51898b3D59959549d589426": 119.32690654114627,
  "0x6595732468A241312bc307F327bA0D64F02b3c20": 328.4185612936979,
  "0x28a55C4b4f9615FDE3CDAdDf6cc01FcF2E38A6b0": 454.7727592745276
}
