{
  "0x08F7506E0381f387e901c9D0552cf4052A0740a4": 0.000679705327998944,
  "0x4C09D894399E3F8d6276C63FCcf4d8E7E9A86268": 0.000679705327998944,
  "0x5B18E05828DF1f733f9f7a47bFE2a7583a5Da5E8": 0.001359410655997888,
  "0xb9DdAB19f88C9Fb48181Df2320872C60f203ef8b": 0.005463281081420135,
  "0x6ab791754298D6D6d7C182DC1572126B4eD24897": 0.005874467176192233,
  "0xD2050719eA37325BdB6c18a85F6c442221811FAC": 0.010413085624943821,
  "0x69F329EE79C98A94765e4105aDFd5a87458d919C": 0.012602345307646637,
  "0x35fB65DA87Fe70Cc735B0F7E837C16419D1aE16E": 0.013359700792736427,
  "0xC984946Ea53D6D840b3696deB499F139b64aa9a2": 0.021453336838143613,
  "0x76fbd3F8d609343f6A6ea32A29d6696e2CEcCddb": 0.026200052063045744,
  "0x94E1218774dD0fBe40560846A00fF1372d4b1D3e": 0.02761702047974445,
  "0xDAf709241d62F790EFa03a2140ebcf87258c544C": 0.03530536650111104,
  "0xaE3a94c250Ae8236De0F9168dbe52dB8f4BA3bF1": 0.039990377630572935,
  "0x65200a8dABf72e5838Ca102615A52dE9A0253aa6": 0.07683720643613627,
  "0x8435708C73ae996804871355472733ECF685E826": 0.08137875331156445,
  "0xC957FCD9bE2DcD01385FDCEB2b9f72F921A271EE": 0.11571004579934972,
  "0x11B1785D9Ac81480c03210e89F1508c8c115888E": 0.12909818725815683,
  "0xBbBa14a63a97d30D4b1e2Fd221eE97bB068fad40": 0.13585643067169537,
  "0x333b1cB2936D4c460a497805fEc223C53c071938": 0.13787642925791466,
  "0x958e3eF27c9E9f2b73ba066996B24d861f09fDCA": 0.14297579248872594,
  "0x6A68B9CF65d64D060854f2cbB6825B6026BDe920": 0.15463493874273482,
  "0x78f32a27559170f9a005b319Ed53441b9e852158": 0.16068431600687508,
  "0x86dA2C31Fd1D5aF2018cb22adA80b2D57f04E65B": 0.1645168211328666,
  "0x365a0A0492c5589eC4F04A9323f483D0dE6e1Df7": 0.17119240295998642,
  "0xDA1480828D9EfEb694DA1809b1bB251CF5eB7441": 0.20314803481265498,
  "0x2F9035F14D9134bEd45e2642Ae148f673f5eCB7e": 0.25295953728499804,
  "0x0860420a401A038E3f13AA2487445D0Dcf6C75db": 0.2715099245619654,
  "0xd8f343e184f0DBE0314b0eE45aA9fC113acA57f9": 0.2769902838043685,
  "0xB8B7FbD673700f46215d2Bf60BAf20621B4412f4": 0.3024297448211563,
  "0x82FC6a686C5dB9b41F58fea5A8cE4C1F6062E5A5": 0.34558506642344455,
  "0x37041eC29c9c687bc9cbf1eD5b324abCf6078fcd": 0.3694736124326904,
  "0x0957e08CDbBc0e99Ad1B2874A88Af2133b5a4d42": 0.37188019898202035,
  "0x253e951Afe5B8839942049e81f2758Fd3257936F": 0.38194264319175397,
  "0x1712c04aF5d77E5160C9C1021bB3f49717Ef4ECd": 0.39650156618654053,
  "0xb4551917f5c218A99611D690A65963B80a01290D": 0.406586673318827,
  "0x562574AF66836b1d30e69815bDf0740A7BD7C437": 0.4478887604138749,
  "0xF09e2fa081ADdF37B1547ec97C0adDf4De4EeC1C": 0.5338369035716526,
  "0xe212c1330a24C4151cA142F8e0da778303ca2b2e": 0.5702583586477252,
  "0x882E11F884E9d221706DB9A36bA4856292b26d87": 0.5951770989262984,
  "0xdc4b8B3bbf30260dc1605772B62c21c3BEd0FA40": 0.6289720043685345,
  "0xEDd7de079fE5A275762B0465A12192c7433e9808": 0.6394801561887022,
  "0x9AB75CD6c08F963D3b77b2d24B74992B7B92B074": 0.6567335622692114,
  "0x9bFd373F1E624d61bFFE54348375eF48f185967A": 0.6950577032196789,
  "0x30702b968ABDeF89927bAF8133D3a87Bf757c5c7": 0.78863322170378,
  "0x9D2CaBfBaE45cadf22934933e8460425d9E15Ee5": 0.8195690375568598,
  "0xAA9e7a9Dcc1125f21d8919885F5bdFD398C9b2b9": 0.8247565489253998,
  "0x537bf75de19f3d229e3a9018EE1A23c0c9C7D39C": 0.8506015645288779,
  "0xC28f85D6A2CD2252DAC06F3db42A17033C4e7791": 0.8668023929458928,
  "0x5333c1d733794e02f34d5f0d88c65d03FD2E4Db1": 0.9022442503487168,
  "0x3bee5d4dFBC0B352696E7507E8d08E35E3b32f52": 1.0487491145951253,
  "0xB6B8Cc588E76a53CFf61eeCa20a5E6A8C2fFAD0E": 1.219092123165037,
  "0x2A1049062c6Cfd69bd38fbaf3b0559DF1DBbc92c": 1.2307257886357512,
  "0x1fD7DAe8CE6190509486e657629975e10eCFeF60": 1.3008069422682835,
  "0xa586Cbf75fB4b8987bAb7d24BE4545fcaa0e757C": 1.302239755234239,
  "0x6edd136e5E9CBCf8bA9ab00F8Be329Fdd7F0014c": 1.3128837702582734,
  "0x67958494E70C77a537101AD0B35B44AD3b072dC5": 1.4076367272156538,
  "0x3bbEc29ab82DB1F0bE3F67261CC902C4e35ab70D": 1.4381831728227779,
  "0xAADd502f2E887d22133863E7144c007F656a6CD0": 1.4578227831707056,
  "0x202503E8Dd0C2f545c52cCC7A97FDB7ab2ee206d": 1.7661521681522605,
  "0xAB55c738eeCF28BCc8850957e243fF87cf67D4c7": 1.8450260513230294,
  "0x37Bf78fA8853CEE7df39280e70e38f3e163E44c4": 2.0391160132118955,
  "0x90eB355a85ea5324529224945bB55F1960dA1b47": 2.076058757224924,
  "0x85768f752CE0B5f0B27D30c220335bbEC9ba22a4": 2.4301189892305195,
  "0xcf8CfB24d925CbF302DeAA271e3F8735D58C597f": 2.6198077758182605,
  "0x1a8eAC795c480c750696e6d109B25a766dc1043D": 3.051928853502276,
  "0xC9addb098446BBD7fc3D90b84591Da26f3dbc5eC": 3.056750922575528,
  "0x7C3147F770d55C51b171d7cEC0b4FB3F8291D330": 3.095201968349368,
  "0xfA85b884942783f45633cc4B3D910d671f3FDCf1": 3.1513074235849685,
  "0x3e49C84075435B2Ad1fE3B25F2c02c61B14b2753": 4.674221659974241,
  "0xb565EA05ABA01ea9015fF65432FDC775cD2FeF0f": 4.6801495996021485,
  "0x0d4DDeA3849C54E16C85cB4354943dC876e05552": 4.854445487107873,
  "0x635B230C3fdf6A466bb6dc3b9B51a8cEB0659b67": 5.2257304982380495,
  "0xcc0C1A655C87752Ab57859c3A161770fC99cE4C3": 5.296319949508969,
  "0x3657C5f86847D4A5219E089206c913E4CB00B618": 5.335390437953999,
  "0x0aEd46911bbE66a40714b67c1D206a9e4f4b6FA3": 5.378038720822173,
  "0x30040b54554928929E94eD3f0b9282f666e950eD": 6.026468984761962,
  "0xbd7Ea7c975Cc23049ac31968c764af012CE45f58": 6.286196454274014,
  "0xA21392dD4b12CB543Fb6d1e4e8759B3AC6e55169": 6.672396939197844,
  "0x8B9eD24Dc3a7985E156582202D62E4De676fB0a9": 7.61668287311597,
  "0x768F2A7CcdFDe9eBDFd5Cea8B635dd590Cb3A3F1": 7.65010040595458,
  "0x71c68eB4E927a913fA5bef03455d024fbfCC9a48": 8.135683014424712,
  "0x5fC79E21CEca2Aa0F7a0aAC71EF3dddE8f004E9e": 9.31808893245255,
  "0x6455C07be90F40d51B041E128B2C4b00c56DE508": 9.746439182218303,
  "0xAEB33EdCF5452c258d6a158eB1ac692B6956F7A7": 10.182346031117655,
  "0x4BB0Cc5dFF52f56DBec078d6E7aF7Ff2991c45F8": 11.79477424127378,
  "0x6A04941De896E4215Eeb8e6eb1b72AD2904D2402": 12.215587193738912,
  "0x8Dd4FC6EC4E375894DE3DeA5696c7fCFe39E3b9E": 16.548890415290135,
  "0x6ee820186Ae40FCD3D0532Eb1EAe6D096E882B04": 19.833697502783174,
  "0xF96dA4775776ea43c42795b116C7a6eCcd6e71b5": 25.51525571465036,
  "0xDA07Dc4ff3fE332Fd16CA49Ef160A74a3d427482": 33.81388128878153,
  "0x28d804Bf2212E220BC2B7B6252993Db8286dF07f": 33.89591224136994,
  "0xA583F99495077952103235Ad50606246d69e829f": 41.14274980934807,
  "0x38c5C801299D6e96552e72C25f9C8eDE0A0db5c0": 44.09444665690299,
  "0x1B72Bac3772050FDCaF468CcE7e20deb3cB02d89": 45.696954740315945,
  "0xf704d32bA4851907540aD060FFACAB3BA6cb2793": 46.67515497468452,
  "0x310D5C8EE1512D5092ee4377061aE82E48973689": 59.783389290485594,
  "0x11df180D9bDbE90FA51898b3D59959549d589426": 78.8551094965018,
  "0xa1F956C6F5AAE538CD8b330f1C4E8Da0Bb60C3D0": 84.4551736976989,
  "0x6595732468A241312bc307F327bA0D64F02b3c20": 301.81955654482,
  "0x28a55C4b4f9615FDE3CDAdDf6cc01FcF2E38A6b0": 342.31937989179966
}